symboling,make,body-style,height,curb-weight,horsepower,peak-rpm,city-mpg,highway-mpg,price
3,alfa-romero,convertible,48.8,2548,111,5000,21,27,13495
3,alfa-romero,convertible,48.8,2548,111,5000,21,27,16500
1,alfa-romero,hatchback,52.4,2823,154,5000,19,26,16500
2,audi,sedan,54.3,2337,102,5500,24,30,13950
2,audi,sedan,54.3,2824,115,5500,18,22,17450
2,audi,sedan,53.1,2507,110,5500,19,25,15250
1,audi,sedan,55.7,2844,110,5500,19,25,17710
1,audi,wagon,55.7,2954,110,5500,19,25,18920
1,audi,sedan,55.9,3086,140,5500,17,20,23875
2,bmw,sedan,54.3,2395,101,5800,23,29,16430
0,bmw,sedan,54.3,2395,101,5800,23,29,16925
0,bmw,sedan,54.3,2710,121,4250,21,28,20970
0,bmw,sedan,54.3,2765,121,4250,21,28,21105
1,bmw,sedan,55.7,3055,121,4250,20,25,24565
0,bmw,sedan,55.7,3230,182,5400,16,22,30760
0,bmw,sedan,53.7,3380,182,5400,16,22,41315
0,BMW,sedan,56.3,3505,182,5400,15,20,36880
2,chevrolet,hatchback,53.2,1488,48,5100,47,53,5151
1,chevrolet,hatchback,52,1874,70,5400,38,43,6295
0,chevrolet,sedan,52,1909,70,5400,38,43,6575
1,dodge,hatchback,50.8,1876,68,5500,37,41,5572
1,dodge,hatchback,50.8,1876,68,5500,31,38,6377
1,dodge,hatchback,50.8,2128,102,5500,24,30,7957
1,dodge,hatchback,50.6,1967,68,5500,31,38,6229
1,dodge,sedan,50.6,1989,68,5500,31,38,6692
1,doge,sedan,50.6,1989,68,5500,31,38,7609
1,dodge,sedan,50.6,2191,102,5500,24,30,8558
-1,dodge,wagon,59.8,2535,88,5000,24,30,8921
3,dodge,hatchback,50.2,2811,145,5000,19,24,12964
2,honda,hatchback,50.8,1713,58,4800,49,54,6479
2,honda,hatchback,50.8,1819,76,6000,31,38,6855
1,honda,hatchback,52.6,1837,60,5500,38,42,5399
1,honda,hatchback,52.6,1940,76,6000,30,34,6529
1,honda,hatchback,52.6,1956,76,6000,30,34,7129
0,honda,sedan,54.5,2010,76,6000,30,34,7295
0,honda,wagon,58.3,2024,76,6000,30,34,7295
0,honda,hatchback,53.3,2236,86,5800,27,33,7895
0,honda,hatchback,53.3,2289,86,5800,27,33,9095
0,honda,sedan,54.1,2304,86,5800,27,33,8845
0,honda,sedan,54.1,2372,86,5800,27,33,10295
0,honda,sedan,54.1,2465,101,5800,24,28,12945
1,honda,sedan,51,2293,100,5500,25,31,10345
0,isuzu,sedan,53.5,2337,78,4800,24,29,6785
2,isuzu,hatchback,51.4,2734,90,5000,24,29,11048
0,jaguar,sedan,52.8,4066,176,4750,15,19,32250
0,jaguar,sedan,52.8,4066,176,4750,15,19,35550
0,jaguar,sedan,47.8,3950,262,5000,13,17,36000
1,mazda,hatchback,54.1,1890,68,5000,30,31,5195
1,mazda,hatchback,54.1,1900,68,5000,31,38,6095
1,mazda,hatchback,54.1,1905,68,5000,31,38,6795
1,mazda,sedan,54.1,1945,68,5000,31,38,6695
1,mazda,sedan,54.1,1950,68,5000,31,38,7395
3,mazda,hatchback,49.6,2380,101,6000,17,23,10945
3,mazda,hatchback,49.6,2380,101,6000,17,23,11845
3,mazda,hatchback,49.6,2385,101,6000,17,23,13645
3,mazda,hatchback,49.6,2500,135,6000,16,23,15645
1,mazda,hatchback,53.7,2385,84,4800,26,32,8845
0,mazda,sedan,55.5,2410,84,4800,26,32,8495
1,mazda,hatchback,53.7,2385,84,4800,26,32,10595
0,mazda,sedan,55.5,2410,84,4800,26,32,10245
0,mazda,sedan,55.5,2443,64,4650,36,42,10795
0,mazda,hatchback,55.5,2425,84,4800,26,32,11245
0,mazda,sedan,54.4,2670,120,5000,19,27,18280
0,mazda,sedan,54.4,2700,72,4200,31,39,18344
-1,mercedes-benz,sedan,56.5,3515,123,4350,22,25,25552
-1,mercedes-benz,wagon,58.7,3750,123,4350,22,25,28248
0,mercedes-benz,hardtop,54.9,3495,123,4350,22,25,28176
-1,mercedes-benz,sedan,56.3,3770,123,4350,22,25,31600
-1,mercedes-benz,sedan,56.5,3740,155,4750,16,18,34184
3,mercedes-benz,convertible,50.8,3685,155,4750,16,18,35056
0,mercedes-benz,sedan,56.7,3900,184,4500,14,16,40960
1,mercedes-benz,hardtop,55.4,3715,184,4500,14,16,45400
1,mercury,hatchback,54.8,2910,175,5000,19,24,16503
2,mitsubishi,hatchback,50.8,1918,68,5500,37,41,5389
2,mitsubishi,hatchback,50.8,1944,68,5500,31,38,6189
2,mitsubishi,hatchback,50.8,2004,68,5500,31,38,6669
1,mitsubishi,hatchback,50.8,2145,102,5500,24,30,7689
3,mitsubishi,hatchback,49.4,2370,116,5500,23,30,9959
3,mitsubishi,hatchback,49.4,2328,88,5000,25,32,8499
3,mitsubishi,hatchback,50.2,2833,145,5000,19,24,12629
3,mitsubishi,hatchback,50.2,2921,145,5000,19,24,14869
3,mitsubishi,hatchback,50.2,2926,145,5000,19,24,14489
1,mitsubishi,sedan,51.6,2365,88,5000,25,32,6989
1,mitsubishi,sedan,51.6,2405,88,5000,25,32,8189
1,mitsubishi,sedan,51.6,2403,116,5500,23,30,9279
-1,mitsubishi,sedan,51.6,2403,116,5500,23,30,9279
1,nissan,sedan,54.5,1889,69,5200,31,37,5499
1,nissan,sedan,54.5,2017,55,4800,45,50,7099
1,nissan,sedan,54.5,1918,69,5200,31,37,6649
1,nissan,sedan,54.5,1938,69,5200,31,37,6849
1,nissan,wagon,53.5,2024,69,5200,31,37,7349
1,nissan,sedan,54.5,1951,69,5200,31,37,7299
1,nissan,hatchback,53.3,2028,69,5200,31,37,7799
1,nissan,sedan,54.5,1971,69,5200,31,37,7499
1,nissan,wagon,53.5,2037,69,5200,31,37,7999
2,nissan,hardtop,53.3,2008,69,5200,31,37,8249
0,nissan,hatchback,54.7,2324,97,5200,27,34,8949
0,nissan,sedan,54.7,2302,97,5200,27,34,9549
0,nissan,sedan,55.1,3095,152,5200,17,22,13499
0,nissan,wagon,56.1,3296,152,5200,17,22,14399
0,nissan,sedan,55.1,3060,152,5200,19,25,13499
3,nissan,hatchback,49.7,3071,160,5200,19,25,17199
3,nissan,hatchback,49.7,3139,200,5200,17,23,19699
1,nissan,hatchback,49.7,3139,160,5200,19,25,18399
0,peugot,sedan,56.7,3020,97,5000,19,24,11900
0,peugot,sedan,56.7,3197,95,4150,28,33,13200
0,peugot,wagon,58.7,3230,97,5000,19,24,12440
0,peugot,wagon,58.7,3430,95,4150,25,25,13860
0,peugot,sedan,56.7,3075,95,5000,19,24,15580
0,peugot,sedan,56.7,3252,95,4150,28,33,16900
0,peugot,wagon,56.7,3285,95,5000,19,24,16695
0,peugot,wagon,58.7,3485,95,4150,25,25,17075
0,peugot,sedan,56.7,3075,97,5000,19,24,16630
0,peugot,sedan,56.7,3252,95,4150,28,33,17950
0,peugot,sedan,56,3130,142,5600,18,24,18150
1,plymouth,hatchback,50.8,1918,68,5500,37,41,5572
1,plymouth,hatchback,50.8,2128,102,5500,24,30,7957
1,plymouth,hatchback,50.6,1967,68,5500,31,38,6229
1,plymouth,sedan,50.8,1989,68,5500,31,38,6692
1,plymouth,sedan,50.8,2191,68,5500,31,38,7609
-1,plymouth,wagon,59.8,2535,88,5000,24,30,8921
3,plymouth,hatchback,50.2,2818,145,5000,19,24,12764
3,porsche,hatchback,50.2,2778,143,5500,19,27,22018
3,porsche,hardtop,51.6,2756,207,5900,17,25,32528
3,porsche,hardtop,51.6,2756,207,5900,17,25,34028
3,porsche,convertible,51.6,2800,207,5900,17,25,37028
0,renault,wagon,55.2,2579,103.39698492462311,5117.587939698493,23,31,9295
2,renault,hatchback,50.5,2460,103.39698492462311,5117.587939698493,23,31,9895
3,saab,hatchback,56.1,2658,110,5250,21,28,11850
2,saab,sedan,56.1,2695,110,5250,21,28,12170
3,saab,hatchback,56.1,2707,110,5250,21,28,15040
2,saab,sedan,56.1,2758,110,5250,21,28,15510
3,saab,hatchback,56.1,2808,160,5500,19,26,18150
2,saab,sedan,56.1,2847,160,5500,19,26,18620
2,subaru,hatchback,53.7,2050,69,4900,31,36,5118
2,subaru,hatchback,53.7,2120,73,4400,26,31,7053
2,subaru,hatchback,55.7,2240,73,4400,26,31,7603
0,subaru,sedan,52.5,2145,82,4800,32,37,7126
0,subaru,sedan,52.5,2190,82,4400,28,33,7775
0,subaru,sedan,52.5,2340,94,5200,26,32,9960
0,subaru,sedan,54.3,2385,82,4800,24,25,9233
0,subaru,sedan,54.3,2510,111,4800,24,29,11259
0,subaru,wagon,53,2290,82,4800,28,32,7463
0,subaru,wagon,53,2455,94,5200,25,31,10198
0,subaru,wagon,54.9,2420,82,4800,23,29,8013
0,subaru,wagon,54.9,2650,111,4800,23,23,11694
1,toyota,hatchback,54.5,1985,62,4800,35,39,5348
1,toyota,hatchback,54.5,2040,62,4800,31,38,6338
1,toyota,hatchback,54.5,2015,62,4800,31,38,6488
0,toyota,wagon,59.1,2280,62,4800,31,37,6918
0,toyota,wagon,59.1,2290,62,4800,27,32,7898
0,toyota,wagon,59.1,3110,62,4800,27,32,8778
0,toyota,sedan,53,2081,70,4800,30,37,6938
0,toyota,hatchback,52.8,2109,70,4800,30,37,7198
0,toyota,sedan,53,2275,56,4500,34,36,7898
0,toyota,hatchback,52.8,2275,56,4500,38,47,7788
0,toyota,sedan,53,2094,70,4800,38,47,7738
0,toyota,hatchback,52.8,2122,70,4800,28,34,8358
0,toyota,sedan,52.8,2140,70,4800,28,34,9258
1,toyota,sedan,52.6,2169,70,4800,29,34,8058
1,toyota,hatchback,52.6,2204,70,4800,29,34,8238
1,toyota,sedan,52.6,2265,112,6600,26,29,9298
1,toyota,hatchback,52.6,2300,112,6600,26,29,9538
2,toyota,hardtop,52,2540,116,4800,24,30,8449
2,toyota,hardtop,52,2536,116,4800,24,30,9639
2,toyota,hatchback,52,2551,116,4800,24,30,9989
2,toyota,hardtop,52,2679,116,4800,24,30,11199
2,toyota,hatchback,52,2714,116,4800,24,30,11549
2,toyota,convertible,53,2975,116,4800,24,30,17669
-1,toyota,sedan,54.9,2326,92,4200,29,34,8948
-1,toyota,sedan,54.9,2480,73,4500,30,33,10698
-1,toyota,hatchback,53.9,2414,92,4200,27,32,9988
-1,toyota,sedan,54.9,2414,92,4200,27,32,10898
-1,toyota,hatchback,53.9,2458,92,4200,27,32,11248
3,toyota,hatchback,52,2976,161,5200,20,24,16558
3,toyota,hatchback,52,3016,161,5200,19,24,15998
-1,toyota,sedan,54.1,3131,156,5200,20,24,15690
-1,toyota,wagon,54.1,3151,156,5200,19,24,15750
2,volkswagen,sedan,55.7,2261,52,4800,37,46,7775
2,volkswagen,sedan,55.7,2209,85,5250,27,34,7975
2,volkswagen,sedan,55.7,2264,52,4800,37,46,7995
2,volkswagen,sedan,55.7,2212,85,5250,27,34,8195
2,volkswagen,sedan,55.7,2275,85,5250,27,34,8495
2,volkswagen,sedan,55.7,2319,68,4500,37,42,9495
2,volkswagen,sedan,55.7,2300,100,5500,26,32,9995
3,volkswagen,convertible,55.6,2254,90,5500,24,29,11595
3,volkswagen,hatchback,51.4,2221,90,5500,24,29,9980
0,volkswagen,sedan,55.1,2661,110,5500,19,24,13295
0,volkswagen,sedan,55.1,2579,68,4500,33,38,13845
0,VW,wagon,55.1,2563,88,5500,25,31,12290
-2,volv1,sedan,56.2,2912,114,5400,23,28,12940
-1,volvo,wagon,57.5,3034,114,5400,23,28,13415
-2,volvo,sedan,56.2,2935,114,5400,24,28,15985
-1,volvo,wagon,57.5,3042,114,5400,24,28,16515
-2,volvo,sedan,56.2,3045,162,5100,17,22,18420
-1,volvo,wagon,57.5,3157,162,5100,17,22,18950
-1,volvo,sedan,55.5,2952,114,5400,23,28,16845
-1,volvo,sedan,55.5,3049,160,5300,19,25,19045
-1,volvo,sedan,55.5,3012,134,5500,18,23,21485
-1,volvo,sedan,55.5,3217,106,4800,26,27,22470
-1,volvo,sedan,55.5,3062,114,5400,19,25,22625